{
    "meta-llama_Llama-3.1-8B-Instruct_all-conj": 0.5123482346534729,
    "meta-llama_Llama-3.1-8B-Instruct_4_combined": 0.5002859234809875,
    "facebook_opt-350m_all-cons": 0.5649608969688416
}